de_path,en_path,status,notes
ai-assistants/ai-prompt-editor.mdx,en/ai-assistants/ai-prompt-editor.mdx,translated_machine,
ai-assistants/assistant-best-practices.mdx,en/ai-assistants/assistant-best-practices.mdx,translated_from_external_project,
ai-assistants/assistant-modes.mdx,en/ai-assistants/assistant-modes.mdx,translated_from_external_project,
ai-assistants/cal-com-scheduling.mdx,en/ai-assistants/cal-com-scheduling.mdx,translated_from_external_project,
ai-assistants/creating-and-editing.mdx,en/ai-assistants/creating-and-editing.mdx,translated_from_external_project,
ai-assistants/custom-gpt.mdx,en/ai-assistants/custom-gpt.mdx,translated_from_external_project,
ai-assistants/custom-mid-call-tools.mdx,en/ai-assistants/custom-mid-call-tools.mdx,translated_machine,
ai-assistants/example-prompts/appointment-booking.mdx,en/ai-assistants/example-prompts/appointment-booking.mdx,translated_machine,
ai-assistants/example-prompts/first-level-support.mdx,en/ai-assistants/example-prompts/first-level-support.mdx,translated_machine,
ai-assistants/example-prompts/general-prompt-engineering-guide.mdx,en/ai-assistants/example-prompts/general-prompt-engineering-guide.mdx,translated_machine,
ai-assistants/example-prompts/intelligent-answering-machine.mdx,en/ai-assistants/example-prompts/intelligent-answering-machine.mdx,translated_machine,
ai-assistants/example-prompts/pause-or-read-slowly.mdx,en/ai-assistants/example-prompts/pause-or-read-slowly.mdx,translated_machine,
ai-assistants/example-prompts/prompt-guide-specific-situations.mdx,en/ai-assistants/example-prompts/prompt-guide-specific-situations.mdx,translated_machine,
ai-assistants/example-prompts/receptionist.mdx,en/ai-assistants/example-prompts/receptionist.mdx,translated_machine,
ai-assistants/filler-audio.mdx,en/ai-assistants/filler-audio.mdx,translated_from_external_project,
ai-assistants/flow-builder.mdx,en/ai-assistants/flow-builder.mdx,translated_machine,
ai-assistants/general-settings.mdx,en/ai-assistants/general-settings.mdx,translated_machine,
ai-assistants/gohighlevel-scheduling.mdx,en/ai-assistants/gohighlevel-scheduling.mdx,translated_from_external_project,
ai-assistants/initial-message.mdx,en/ai-assistants/initial-message.mdx,translated_from_external_project,
ai-assistants/prompt-and-tools.mdx,en/ai-assistants/prompt-and-tools.mdx,translated_machine,
ai-assistants/system-prompt.mdx,en/ai-assistants/system-prompt.mdx,translated_from_external_project,
ai-assistants/testing.mdx,en/ai-assistants/testing.mdx,translated_from_external_project,
ai-assistants/tools-and-functions.mdx,en/ai-assistants/tools-and-functions.mdx,translated_from_external_project,
ai-assistants/variablen.mdx,en/ai-assistants/variablen.mdx,translated_from_external_project,
ai-assistants/voice-selection.mdx,en/ai-assistants/voice-selection.mdx,translated_from_external_project,
ai-assistants/web-widget.mdx,en/ai-assistants/web-widget.mdx,translated_machine,
ai-assistants/what-is-ai-assistant.mdx,en/ai-assistants/what-is-ai-assistant.mdx,translated_from_external_project,
api-reference/ai-chatbot/create-conversation.mdx,en/api-reference/ai-chatbot/create-conversation.mdx,translated_from_external_project,
api-reference/ai-chatbot/get-conversation.mdx,en/api-reference/ai-chatbot/get-conversation.mdx,translated_from_external_project,
api-reference/ai-chatbot/send-conversation.mdx,en/api-reference/ai-chatbot/send-conversation.mdx,translated_from_external_project,
api-reference/ai-replies/generate-reply.mdx,en/api-reference/ai-replies/generate-reply.mdx,translated_from_external_project,
api-reference/assistants/create.mdx,en/api-reference/assistants/create.mdx,translated_machine,
api-reference/assistants/delete.mdx,en/api-reference/assistants/delete.mdx,translated_machine,
api-reference/assistants/disable-inbound-webhook.mdx,en/api-reference/assistants/disable-inbound-webhook.mdx,translated_from_external_project,
api-reference/assistants/disable-webhook.mdx,en/api-reference/assistants/disable-webhook.mdx,translated_from_external_project,
api-reference/assistants/enable-inbound-webhook.mdx,en/api-reference/assistants/enable-inbound-webhook.mdx,translated_from_external_project,
api-reference/assistants/languages.mdx,en/api-reference/assistants/languages.mdx,translated_machine,
api-reference/assistants/list.mdx,en/api-reference/assistants/list.mdx,translated_machine,
api-reference/assistants/models.mdx,en/api-reference/assistants/models.mdx,translated_machine,
api-reference/assistants/outbound.mdx,en/api-reference/assistants/outbound.mdx,translated_from_external_fuzzy,
api-reference/assistants/phone-numbers.mdx,en/api-reference/assistants/phone-numbers.mdx,translated_machine,
api-reference/assistants/synthesizer-providers.mdx,en/api-reference/assistants/synthesizer-providers.mdx,translated_from_external_project,
api-reference/assistants/transcriber-providers.mdx,en/api-reference/assistants/transcriber-providers.mdx,translated_from_external_project,
api-reference/assistants/update.mdx,en/api-reference/assistants/update.mdx,translated_from_external_fuzzy,
api-reference/assistants/voices.mdx,en/api-reference/assistants/voices.mdx,translated_machine,
api-reference/authentication.mdx,en/api-reference/authentication.mdx,translated_from_external_project,
api-reference/calls/delete.mdx,en/api-reference/calls/delete.mdx,translated_machine,
api-reference/calls/list.mdx,en/api-reference/calls/list.mdx,translated_machine,
api-reference/calls/make.mdx,en/api-reference/calls/make.mdx,translated_machine,
api-reference/campaigns/list.mdx,en/api-reference/campaigns/list.mdx,translated_machine,
api-reference/campaigns/update-status.mdx,en/api-reference/campaigns/update-status.mdx,translated_from_external_project,
api-reference/conversations/list.mdx,en/api-reference/conversations/list.mdx,translated_machine,
api-reference/introduction.mdx,en/api-reference/introduction.mdx,translated_from_external_project,
api-reference/knowledgebases/create-document.mdx,en/api-reference/knowledgebases/create-document.mdx,translated_from_external_project,
api-reference/knowledgebases/create.mdx,en/api-reference/knowledgebases/create.mdx,translated_from_external_project,
api-reference/knowledgebases/delete-document.mdx,en/api-reference/knowledgebases/delete-document.mdx,translated_from_external_project,
api-reference/knowledgebases/delete.mdx,en/api-reference/knowledgebases/delete.mdx,translated_from_external_project,
api-reference/knowledgebases/get-document.mdx,en/api-reference/knowledgebases/get-document.mdx,translated_from_external_project,
api-reference/knowledgebases/get.mdx,en/api-reference/knowledgebases/get.mdx,translated_from_external_project,
api-reference/knowledgebases/list-documents.mdx,en/api-reference/knowledgebases/list-documents.mdx,translated_from_external_project,
api-reference/knowledgebases/list.mdx,en/api-reference/knowledgebases/list.mdx,translated_from_external_project,
api-reference/knowledgebases/update-document.mdx,en/api-reference/knowledgebases/update-document.mdx,translated_from_external_project,
api-reference/knowledgebases/update.mdx,en/api-reference/knowledgebases/update.mdx,translated_from_external_project,
api-reference/leads/create.mdx,en/api-reference/leads/create.mdx,translated_from_external_project,
api-reference/leads/delete.mdx,en/api-reference/leads/delete.mdx,translated_from_external_project,
api-reference/leads/list.mdx,en/api-reference/leads/list.mdx,translated_machine,
api-reference/leads/update.mdx,en/api-reference/leads/update.mdx,translated_from_external_fuzzy,
api-reference/mid-call-tools/create-tool.mdx,en/api-reference/mid-call-tools/create-tool.mdx,translated_from_external_project,
api-reference/mid-call-tools/delete-tool.mdx,en/api-reference/mid-call-tools/delete-tool.mdx,translated_from_external_project,
api-reference/mid-call-tools/get-tool.mdx,en/api-reference/mid-call-tools/get-tool.mdx,translated_from_external_project,
api-reference/mid-call-tools/get-tools.mdx,en/api-reference/mid-call-tools/get-tools.mdx,translated_from_external_project,
api-reference/mid-call-tools/update-tool.mdx,en/api-reference/mid-call-tools/update-tool.mdx,translated_from_external_project,
api-reference/phone-numbers/list.mdx,en/api-reference/phone-numbers/list.mdx,translated_from_external_project,
api-reference/phone-numbers/purchase.mdx,en/api-reference/phone-numbers/purchase.mdx,translated_from_external_project,
api-reference/phone-numbers/release.mdx,en/api-reference/phone-numbers/release.mdx,translated_from_external_project,
api-reference/phone-numbers/search.mdx,en/api-reference/phone-numbers/search.mdx,translated_from_external_project,
api-reference/sms/send.mdx,en/api-reference/sms/send.mdx,translated_machine,
api-reference/user/calls/get.mdx,en/api-reference/user/calls/get.mdx,translated_from_external_project,
api-reference/user/me.mdx,en/api-reference/user/me.mdx,translated_from_external_project,
api-reference/webhooks/post-call.mdx,en/api-reference/webhooks/post-call.mdx,translated_machine,
api-reference/whatsapp/get-senders.mdx,en/api-reference/whatsapp/get-senders.mdx,translated_from_external_project,
api-reference/whatsapp/get-templates.mdx,en/api-reference/whatsapp/get-templates.mdx,translated_from_external_project,
api-reference/whatsapp/send-freeform.mdx,en/api-reference/whatsapp/send-freeform.mdx,translated_from_external_project,
api-reference/whatsapp/send-template.mdx,en/api-reference/whatsapp/send-template.mdx,translated_from_external_project,
api-reference/whatsapp/session-status.mdx,en/api-reference/whatsapp/session-status.mdx,translated_from_external_project,
automation-platform/building-flows.mdx,en/automation-platform/building-flows.mdx,translated_from_external_project,
automation-platform/calls-related/Famulor-tool.mdx,en/automation-platform/calls-related/Famulor-tool.mdx,translated_from_external_project,
automation-platform/calls-related/common-integrations.mdx,en/automation-platform/calls-related/common-integrations.mdx,translated_from_external_project,
automation-platform/calls-related/sms-capabilities.mdx,en/automation-platform/calls-related/sms-capabilities.mdx,translated_from_external_project,
automation-platform/debugging-runs.mdx,en/automation-platform/debugging-runs.mdx,translated_from_external_project,
automation-platform/integrations/ai-machine-learning.mdx,en/automation-platform/integrations/ai-machine-learning.mdx,translated_machine,
automation-platform/integrations/calendar.mdx,en/automation-platform/integrations/calendar.mdx,translated_machine,
automation-platform/integrations/communication-collaboration-hub.mdx,en/automation-platform/integrations/communication-collaboration-hub.mdx,translated_machine,
automation-platform/integrations/communication.mdx,en/automation-platform/integrations/communication.mdx,translated_machine,
automation-platform/integrations/crm-hub.mdx,en/automation-platform/integrations/crm-hub.mdx,translated_machine,
automation-platform/integrations/crm-sales-hub.mdx,en/automation-platform/integrations/crm-sales-hub.mdx,translated_machine,
automation-platform/integrations/crm.mdx,en/automation-platform/integrations/crm.mdx,translated_machine,
automation-platform/integrations/ecommerce.mdx,en/automation-platform/integrations/ecommerce.mdx,translated_machine,
automation-platform/integrations/einzelintegrations/activecampaign.mdx,en/automation-platform/integrations/einzelintegrations/activecampaign.mdx,translated_machine,
automation-platform/integrations/einzelintegrations/airtable.mdx,en/automation-platform/integrations/einzelintegrations/airtable.mdx,translated_machine,
automation-platform/integrations/einzelintegrations/anthropic-claude.mdx,en/automation-platform/integrations/einzelintegrations/anthropic-claude.mdx,translated_machine,
automation-platform/integrations/einzelintegrations/asana.mdx,en/automation-platform/integrations/einzelintegrations/asana.mdx,translated_machine,
automation-platform/integrations/einzelintegrations/cal-com.mdx,en/automation-platform/integrations/einzelintegrations/cal-com.mdx,translated_from_external_fuzzy,
automation-platform/integrations/einzelintegrations/calendly.mdx,en/automation-platform/integrations/einzelintegrations/calendly.mdx,translated_machine,
automation-platform/integrations/einzelintegrations/clickup.mdx,en/automation-platform/integrations/einzelintegrations/clickup.mdx,translated_machine,
automation-platform/integrations/einzelintegrations/gmail.mdx,en/automation-platform/integrations/einzelintegrations/gmail.mdx,translated_machine,
automation-platform/integrations/einzelintegrations/google-calendar.mdx,en/automation-platform/integrations/einzelintegrations/google-calendar.mdx,translated_machine,
automation-platform/integrations/einzelintegrations/google-sheets.mdx,en/automation-platform/integrations/einzelintegrations/google-sheets.mdx,translated_machine,
automation-platform/integrations/einzelintegrations/hubspot.mdx,en/automation-platform/integrations/einzelintegrations/hubspot.mdx,translated_machine,
automation-platform/integrations/einzelintegrations/microsoft-teams.mdx,en/automation-platform/integrations/einzelintegrations/microsoft-teams.mdx,translated_machine,
automation-platform/integrations/einzelintegrations/monday.mdx,en/automation-platform/integrations/einzelintegrations/monday.mdx,translated_machine,
automation-platform/integrations/einzelintegrations/notion.mdx,en/automation-platform/integrations/einzelintegrations/notion.mdx,translated_machine,
automation-platform/integrations/einzelintegrations/openai.mdx,en/automation-platform/integrations/einzelintegrations/openai.mdx,translated_machine,
automation-platform/integrations/einzelintegrations/pipedrive.mdx,en/automation-platform/integrations/einzelintegrations/pipedrive.mdx,translated_machine,
automation-platform/integrations/einzelintegrations/salesforce.mdx,en/automation-platform/integrations/einzelintegrations/salesforce.mdx,translated_machine,
automation-platform/integrations/einzelintegrations/shopify.mdx,en/automation-platform/integrations/einzelintegrations/shopify.mdx,translated_machine,
automation-platform/integrations/einzelintegrations/slack.mdx,en/automation-platform/integrations/einzelintegrations/slack.mdx,translated_machine,
automation-platform/integrations/einzelintegrations/stripe.mdx,en/automation-platform/integrations/einzelintegrations/stripe.mdx,translated_machine,
automation-platform/integrations/einzelintegrations/trello.mdx,en/automation-platform/integrations/einzelintegrations/trello.mdx,translated_machine,
automation-platform/integrations/einzelintegrations/zoom.mdx,en/automation-platform/integrations/einzelintegrations/zoom.mdx,translated_machine,
automation-platform/integrations/email-marketing.mdx,en/automation-platform/integrations/email-marketing.mdx,translated_machine,
automation-platform/integrations/famulor-integrations-c-z.mdx,en/automation-platform/integrations/famulor-integrations-c-z.mdx,translated_machine,
automation-platform/integrations/famulor-integrations-database.mdx,en/automation-platform/integrations/famulor-integrations-database.mdx,translated_machine,
automation-platform/integrations/make-com.mdx,en/automation-platform/integrations/make-com.mdx,translated_machine,
automation-platform/integrations/n8n.mdx,en/automation-platform/integrations/n8n.mdx,translated_machine,
automation-platform/integrations/overview.mdx,en/automation-platform/integrations/overview.mdx,translated_machine,
automation-platform/integrations/productivity.mdx,en/automation-platform/integrations/productivity.mdx,translated_machine,
automation-platform/integrations/zapier.mdx,en/automation-platform/integrations/zapier.mdx,translated_machine,
automation-platform/introduction.mdx,en/automation-platform/introduction.mdx,translated_from_external_project,
automation-platform/known-limits.mdx,en/automation-platform/known-limits.mdx,translated_from_external_project,
automation-platform/mid-call-tools/integration-templates/api-vorlagen.mdx,en/automation-platform/mid-call-tools/integration-templates/api-vorlagen.mdx,translated_machine,
automation-platform/mid-call-tools/integration-templates/asana-integration.mdx,en/automation-platform/mid-call-tools/integration-templates/asana-integration.mdx,translated_machine,
automation-platform/mid-call-tools/integration-templates/datev-beleg-integration.mdx,en/automation-platform/mid-call-tools/integration-templates/datev-beleg-integration.mdx,translated_machine,
automation-platform/mid-call-tools/integration-templates/datev-kontenumsaetze-integration.mdx,en/automation-platform/mid-call-tools/integration-templates/datev-kontenumsaetze-integration.mdx,translated_machine,
automation-platform/mid-call-tools/integration-templates/datev-mahnung-integration.mdx,en/automation-platform/mid-call-tools/integration-templates/datev-mahnung-integration.mdx,translated_machine,
automation-platform/mid-call-tools/integration-templates/dhl-integration.mdx,en/automation-platform/mid-call-tools/integration-templates/dhl-integration.mdx,translated_machine,
automation-platform/mid-call-tools/integration-templates/doctolib-integration.mdx,en/automation-platform/mid-call-tools/integration-templates/doctolib-integration.mdx,translated_machine,
automation-platform/mid-call-tools/integration-templates/docusign-integration.mdx,en/automation-platform/mid-call-tools/integration-templates/docusign-integration.mdx,translated_machine,
automation-platform/mid-call-tools/integration-templates/dynamics365-integration.mdx,en/automation-platform/mid-call-tools/integration-templates/dynamics365-integration.mdx,translated_machine,
automation-platform/mid-call-tools/integration-templates/feiertage-integration.mdx,en/automation-platform/mid-call-tools/integration-templates/feiertage-integration.mdx,translated_machine,
automation-platform/mid-call-tools/integration-templates/google-sheets-integration.mdx,en/automation-platform/mid-call-tools/integration-templates/google-sheets-integration.mdx,translated_machine,
automation-platform/mid-call-tools/integration-templates/hubspot-deal-management.mdx,en/automation-platform/mid-call-tools/integration-templates/hubspot-deal-management.mdx,translated_machine,
automation-platform/mid-call-tools/integration-templates/hubspot-kontakt-abruf.mdx,en/automation-platform/mid-call-tools/integration-templates/hubspot-kontakt-abruf.mdx,translated_machine,
automation-platform/mid-call-tools/integration-templates/hubspot-lead-erstellung.mdx,en/automation-platform/mid-call-tools/integration-templates/hubspot-lead-erstellung.mdx,translated_machine,
automation-platform/mid-call-tools/integration-templates/jira-integration.mdx,en/automation-platform/mid-call-tools/integration-templates/jira-integration.mdx,translated_machine,
automation-platform/mid-call-tools/integration-templates/jtl-wawi-integration.mdx,en/automation-platform/mid-call-tools/integration-templates/jtl-wawi-integration.mdx,translated_machine,
automation-platform/mid-call-tools/integration-templates/lexoffice-integration.mdx,en/automation-platform/mid-call-tools/integration-templates/lexoffice-integration.mdx,translated_machine,
automation-platform/mid-call-tools/integration-templates/lieferando-integration.mdx,en/automation-platform/mid-call-tools/integration-templates/lieferando-integration.mdx,translated_machine,
automation-platform/mid-call-tools/integration-templates/mailchimp-integration.mdx,en/automation-platform/mid-call-tools/integration-templates/mailchimp-integration.mdx,translated_machine,
automation-platform/mid-call-tools/integration-templates/monday-integration.mdx,en/automation-platform/mid-call-tools/integration-templates/monday-integration.mdx,translated_machine,
automation-platform/mid-call-tools/integration-templates/notion-integration.mdx,en/automation-platform/mid-call-tools/integration-templates/notion-integration.mdx,translated_machine,
automation-platform/mid-call-tools/integration-templates/opentable-integration.mdx,en/automation-platform/mid-call-tools/integration-templates/opentable-integration.mdx,translated_machine,
automation-platform/mid-call-tools/integration-templates/personio-integration.mdx,en/automation-platform/mid-call-tools/integration-templates/personio-integration.mdx,translated_machine,
automation-platform/mid-call-tools/integration-templates/pipedrive-integration.mdx,en/automation-platform/mid-call-tools/integration-templates/pipedrive-integration.mdx,translated_machine,
automation-platform/mid-call-tools/integration-templates/salesforce-integration.mdx,en/automation-platform/mid-call-tools/integration-templates/salesforce-integration.mdx,translated_machine,
automation-platform/mid-call-tools/integration-templates/sap-business-one-integration.mdx,en/automation-platform/mid-call-tools/integration-templates/sap-business-one-integration.mdx,translated_machine,
automation-platform/mid-call-tools/integration-templates/sendgrid-integration.mdx,en/automation-platform/mid-call-tools/integration-templates/sendgrid-integration.mdx,translated_machine,
automation-platform/mid-call-tools/integration-templates/shopify-integration.mdx,en/automation-platform/mid-call-tools/integration-templates/shopify-integration.mdx,translated_machine,
automation-platform/mid-call-tools/integration-templates/shopware-integration.mdx,en/automation-platform/mid-call-tools/integration-templates/shopware-integration.mdx,translated_machine,
automation-platform/mid-call-tools/integration-templates/slack-integration.mdx,en/automation-platform/mid-call-tools/integration-templates/slack-integration.mdx,translated_machine,
automation-platform/mid-call-tools/integration-templates/stripe-integration.mdx,en/automation-platform/mid-call-tools/integration-templates/stripe-integration.mdx,translated_machine,
automation-platform/mid-call-tools/integration-templates/teams-integration.mdx,en/automation-platform/mid-call-tools/integration-templates/teams-integration.mdx,translated_machine,
automation-platform/mid-call-tools/integration-templates/webhook-automation.mdx,en/automation-platform/mid-call-tools/integration-templates/webhook-automation.mdx,translated_machine,
automation-platform/mid-call-tools/integration-templates/weltzeit-integration.mdx,en/automation-platform/mid-call-tools/integration-templates/weltzeit-integration.mdx,translated_machine,
automation-platform/mid-call-tools/integration-templates/wetter-integration.mdx,en/automation-platform/mid-call-tools/integration-templates/wetter-integration.mdx,translated_machine,
automation-platform/mid-call-tools/integration-templates/woocommerce-integration.mdx,en/automation-platform/mid-call-tools/integration-templates/woocommerce-integration.mdx,translated_machine,
automation-platform/mid-call-tools/integration-templates/zendesk-integration.mdx,en/automation-platform/mid-call-tools/integration-templates/zendesk-integration.mdx,translated_machine,
automation-platform/mid-call-tools/integration-templates/zoho-books-integration.mdx,en/automation-platform/mid-call-tools/integration-templates/zoho-books-integration.mdx,translated_machine,
automation-platform/mid-call-tools/integration-templates/zoho-crm-integration.mdx,en/automation-platform/mid-call-tools/integration-templates/zoho-crm-integration.mdx,translated_machine,
automation-platform/mid-call-tools/integration-templates/zoho-desk-integration.mdx,en/automation-platform/mid-call-tools/integration-templates/zoho-desk-integration.mdx,translated_machine,
automation-platform/mid-call-tools/wann-verwenden.mdx,en/automation-platform/mid-call-tools/wann-verwenden.mdx,translated_machine,
automation-platform/mid-call-tools/was-sind-mid-call-tools.mdx,en/automation-platform/mid-call-tools/was-sind-mid-call-tools.mdx,translated_machine,
automation-platform/passing-data.mdx,en/automation-platform/passing-data.mdx,translated_from_external_project,
automation-platform/publishing-flows.mdx,en/automation-platform/publishing-flows.mdx,translated_from_external_project,
automation-platform/tutorials/inbound-context-injection.mdx,en/automation-platform/tutorials/inbound-context-injection.mdx,translated_from_external_project,
automation-platform/tutorials/outbound-form-call.mdx,en/automation-platform/tutorials/outbound-form-call.mdx,translated_from_external_project,
automation-platform/versioning.mdx,en/automation-platform/versioning.mdx,translated_from_external_project,
automation/overview.mdx,en/automation/overview.mdx,translated_from_external_project,
automation/webhook-api.mdx,en/automation/webhook-api.mdx,translated_from_external_project,
conversation-design/cledon.mdx,en/conversation-design/cledon.mdx,translated_machine,
conversation-design/interruptions.mdx,en/conversation-design/interruptions.mdx,translated_from_external_project,
conversation-design/knowledge-bases.mdx,en/conversation-design/knowledge-bases.mdx,translated_from_external_project,
conversation-design/language-support.mdx,en/conversation-design/language-support.mdx,translated_from_external_project,
conversation-design/prompt-basics.mdx,en/conversation-design/prompt-basics.mdx,translated_from_external_project,
custom-dashboards/overview.mdx,en/custom-dashboards/overview.mdx,translated_machine,
custom-dashboards/widget-types.mdx,en/custom-dashboards/widget-types.mdx,translated_machine,
developers/api-integration-examples.mdx,en/developers/api-integration-examples.mdx,needs_en_translation,
developers/authentication-guide.mdx,en/developers/authentication-guide.mdx,needs_en_translation,
developers/overview.mdx,en/developers/overview.mdx,needs_en_translation,
development.mdx,en/development.mdx,likely_already_english,
essentials/code.mdx,en/essentials/code.mdx,likely_already_english,
essentials/images.mdx,en/essentials/images.mdx,likely_already_english,
essentials/markdown.mdx,en/essentials/markdown.mdx,likely_already_english,
essentials/navigation.mdx,en/essentials/navigation.mdx,likely_already_english,
essentials/reusable-snippets.mdx,en/essentials/reusable-snippets.mdx,likely_already_english,
essentials/settings.mdx,en/essentials/settings.mdx,likely_already_english,
getting-started/core-concepts.mdx,en/getting-started/core-concepts.mdx,translated_from_external_project,
getting-started/understanding-billing.mdx,en/getting-started/understanding-billing.mdx,translated_from_external_project,
inbound-calls/configuring.mdx,en/inbound-calls/configuring.mdx,translated_from_external_project,
inbound-calls/insights.mdx,en/inbound-calls/insights.mdx,translated_from_external_project,
inbound-calls/overview.mdx,en/inbound-calls/overview.mdx,translated_from_external_project,
inbound-calls/provisioning.mdx,en/inbound-calls/provisioning.mdx,translated_from_external_project,
index.mdx,en/index.mdx,translated_from_external_project,
introduction/how-it-works.mdx,en/introduction/how-it-works.mdx,translated_from_external_project,
introduction/key-terminology.mdx,en/introduction/key-terminology.mdx,translated_from_external_project,
introduction/what-is-Famulor.mdx,en/introduction/what-is-Famulor.mdx,translated_from_external_project,
introduction/whitepaper-ki-telefonie.mdx,en/introduction/whitepaper-ki-telefonie.mdx,needs_en_translation,
legal/automatisches-loeschen-anrufdaten.mdx,en/legal/automatisches-loeschen-anrufdaten.mdx,needs_en_translation,
legal/voice-cloning-compliance.mdx,en/legal/voice-cloning-compliance.mdx,needs_en_translation,
legal/voice-cloning-contracts.mdx,en/legal/voice-cloning-contracts.mdx,needs_en_translation,
legal/voice-cloning-legal-information.mdx,en/legal/voice-cloning-legal-information.mdx,needs_en_translation,
mcp/client.mdx,en/mcp/client.mdx,needs_en_translation,
mcp/server.mdx,en/mcp/server.mdx,needs_en_translation,
outbound-calls/caller-id.mdx,en/outbound-calls/caller-id.mdx,translated_from_external_project,
outbound-calls/campaigns.mdx,en/outbound-calls/campaigns.mdx,translated_from_external_project,
outbound-calls/mass-dialing.mdx,en/outbound-calls/mass-dialing.mdx,translated_from_external_project,
outbound-calls/overview.mdx,en/outbound-calls/overview.mdx,translated_from_external_project,
outbound-calls/scripts-and-prompts.mdx,en/outbound-calls/scripts-and-prompts.mdx,translated_from_external_project,
outbound-calls/voicemail-handling.mdx,en/outbound-calls/voicemail-handling.mdx,translated_from_external_project,
phone-numbers/assigning-to-assistants.mdx,en/phone-numbers/assigning-to-assistants.mdx,translated_from_external_project,
phone-numbers/call-forwarding.mdx,en/phone-numbers/call-forwarding.mdx,needs_en_translation,
phone-numbers/pricing-and-regions.mdx,en/phone-numbers/pricing-and-regions.mdx,translated_from_external_project,
phone-numbers/purchasing-and-managing.mdx,en/phone-numbers/purchasing-and-managing.mdx,translated_from_external_project,
phone-numbers/sms-capabilities.mdx,en/phone-numbers/sms-capabilities.mdx,translated_from_external_project,
phone-numbers/types.mdx,en/phone-numbers/types.mdx,translated_from_external_project,
pricing/extra-fees.mdx,en/pricing/extra-fees.mdx,translated_from_external_project,
pricing/inbound-vs-outbound.mdx,en/pricing/inbound-vs-outbound.mdx,translated_from_external_project,
pricing/number-rentals.mdx,en/pricing/number-rentals.mdx,translated_from_external_project,
pricing/overview.mdx,en/pricing/overview.mdx,translated_from_external_project,
pricing/usage-based.mdx,en/pricing/usage-based.mdx,translated_from_external_project,
provisioning/compliance.mdx,en/provisioning/compliance.mdx,translated_from_external_project,
provisioning/sip-ai/3cx-integration.mdx,en/provisioning/sip-ai/3cx-integration.mdx,needs_en_translation,
provisioning/sip-ai/easybell-integration.mdx,en/provisioning/sip-ai/easybell-integration.mdx,needs_en_translation,
provisioning/sip-ai/fonial-integration.mdx,en/provisioning/sip-ai/fonial-integration.mdx,needs_en_translation,
provisioning/sip-ai/fonial-limitations.mdx,en/provisioning/sip-ai/fonial-limitations.mdx,needs_en_translation,
provisioning/sip-ai/nfon-limitations.mdx,en/provisioning/sip-ai/nfon-limitations.mdx,needs_en_translation,
provisioning/sip-ai/peoplefone-limitations.mdx,en/provisioning/sip-ai/peoplefone-limitations.mdx,needs_en_translation,
provisioning/sip-ai/placetel-limitations.mdx,en/provisioning/sip-ai/placetel-limitations.mdx,needs_en_translation,
provisioning/sip-ai/sip-integration.mdx,en/provisioning/sip-ai/sip-integration.mdx,needs_en_translation,
provisioning/sip-ai/sip-troubleshooting.mdx,en/provisioning/sip-ai/sip-troubleshooting.mdx,needs_en_translation,
provisioning/sip-ai/sipgate-limitations.mdx,en/provisioning/sip-ai/sipgate-limitations.mdx,needs_en_translation,
provisioning/sip-ai/telnyx-integration.mdx,en/provisioning/sip-ai/telnyx-integration.mdx,needs_en_translation,
provisioning/sip-ai/twilio-integration.mdx,en/provisioning/sip-ai/twilio-integration.mdx,needs_en_translation,
provisioning/sip-ai/vonage-integration.mdx,en/provisioning/sip-ai/vonage-integration.mdx,needs_en_translation,
provisioning/sip-ai/zadarma-integration.mdx,en/provisioning/sip-ai/zadarma-integration.mdx,needs_en_translation,
provisioning/supported-countries.mdx,en/provisioning/supported-countries.mdx,translated_from_external_project,
quickstart.mdx,en/quickstart.mdx,likely_already_english,
resources/whitepaper-ki-telefonie-zukunft.mdx,en/resources/whitepaper-ki-telefonie-zukunft.mdx,needs_en_translation,
sales/beste-zeit-fuer-kaltakquise.mdx,en/sales/beste-zeit-fuer-kaltakquise.mdx,needs_en_translation,
sales/datenschutz-und-compliance.mdx,en/sales/datenschutz-und-compliance.mdx,needs_en_translation,
sales/erfolgsmessung-und-reporting.mdx,en/sales/erfolgsmessung-und-reporting.mdx,needs_en_translation,
sales/gespraechsfuehrung-und-einwandbehandlung.mdx,en/sales/gespraechsfuehrung-und-einwandbehandlung.mdx,needs_en_translation,
sales/skript-optimierung.mdx,en/sales/skript-optimierung.mdx,needs_en_translation,
sales/technische-optimierung.mdx,en/sales/technische-optimierung.mdx,needs_en_translation,
sales/zielgruppenansprache.mdx,en/sales/zielgruppenansprache.mdx,needs_en_translation,
snippets/snippet-intro.mdx,en/snippets/snippet-intro.mdx,likely_already_english,
troubleshooting/ai-behavior.mdx,en/troubleshooting/ai-behavior.mdx,translated_from_external_project,
troubleshooting/billing.mdx,en/troubleshooting/billing.mdx,translated_from_external_project,
troubleshooting/byop.mdx,en/troubleshooting/byop.mdx,translated_from_external_project,
troubleshooting/call-quality.mdx,en/troubleshooting/call-quality.mdx,translated_from_external_project,
troubleshooting/setup-issues.mdx,en/troubleshooting/setup-issues.mdx,translated_from_external_project,
troubleshooting/voice-problems.mdx,en/troubleshooting/voice-problems.mdx,translated_from_external_project,
updates/changelog.mdx,en/updates/changelog.mdx,translated_from_external_project,
whatsapp/automation.mdx,en/whatsapp/automation.mdx,needs_en_translation,
whatsapp/conversations.mdx,en/whatsapp/conversations.mdx,needs_en_translation,
whatsapp/integration.mdx,en/whatsapp/integration.mdx,needs_en_translation,
whatsapp/senders.mdx,en/whatsapp/senders.mdx,needs_en_translation,
whatsapp/templates.mdx,en/whatsapp/templates.mdx,needs_en_translation,
